Predictor variable,Categorical,Sample average
bio_03,false,38.887620955047865
bio_07,false,237.47634475785728
bio_08,false,71.82822648778634
bio_10,false,190.54382956331574
bio_16,false,394.0029090790676
bio_18,false,101.92061736749672
