"species","x","y","coords.x1","coords.x2"
"Podarcis hispanica",587789.660738,4631563.351047,587789.660738,4631563.351047
"Podarcis hispanica",587801.059825,4631573.84612,587801.059825,4631573.84612
"Podarcis hispanica",587810.172697,4631564.905381,587810.172697,4631564.905381
"Podarcis hispanica",587806.1932,4631555.556462,587806.1932,4631555.556462
