Predictor variable,Categorical,Sample average
bio_03,false,38.938119459317214
bio_07,false,237.28453425635104
bio_08,false,72.18307058538944
bio_10,false,190.6778694337627
bio_16,false,390.4964419302231
bio_18,false,102.52557074074927
