Predictor variable,Categorical,Sample average
bio_03,false,38.925945068794825
bio_07,false,236.55613516173662
bio_08,false,72.72225818679392
bio_10,false,190.58286003267014
bio_16,false,393.93701546540865
bio_18,false,102.90010836461778
